{
  "v": "5.7.11",
  "fr": 30,
  "ip": 0,
  "op": 40,
  "w": 915,
  "h": 354,
  "nm": "Comp 1",
  "ddd": 0,
  "assets": [
    {
      "id": "image_0",
      "w": 187,
      "h": 329,
      "u": "images/",
      "p": "img_0.webp",
      "e": 0
    },
    {
      "id": "image_1",
      "w": 294,
      "h": 349,
      "u": "images/",
      "p": "img_1.webp",
      "e": 0
    },
    {
      "id": "image_2",
      "w": 211,
      "h": 133,
      "u": "images/",
      "p": "img_2.webp",
      "e": 0
    },
    {
      "id": "image_3",
      "w": 266,
      "h": 25,
      "u": "images/",
      "p": "img_3.webp",
      "e": 0
    },
    {
      "id": "image_4",
      "w": 251,
      "h": 66,
      "u": "images/",
      "p": "img_4.webp",
      "e": 0
    },
    {
      "id": "image_5",
      "w": 915,
      "h": 354,
      "u": "images/",
      "p": "img_5.webp",
      "e": 0
    }
  ],
  "layers": [
    {
      "ddd": 0,
      "ind": 1,
      "ty": 2,
      "nm": "Group 4.webp",
      "cl": "webp",
      "refId": "image_0",
      "sr": 1,
      "ks": {
        "o": {
          "a": 0,
          "k": 100,
          "ix": 11
        },
        "r": {
          "a": 1,
          "k": [
            {
              "i": {
                "x": [
                  0.833
                ],
                "y": [
                  0.833
                ]
              },
              "o": {
                "x": [
                  0.167
                ],
                "y": [
                  0.167
                ]
              },
              "t": 0,
              "s": [
                0
              ]
            },
            {
              "i": {
                "x": [
                  0.833
                ],
                "y": [
                  0.833
                ]
              },
              "o": {
                "x": [
                  0.167
                ],
                "y": [
                  0.167
                ]
              },
              "t": 18,
              "s": [
                0
              ]
            },
            {
              "t": 20,
              "s": [
                11.456
              ]
            }
          ],
          "ix": 10
        },
        "p": {
          "a": 0,
          "k": [
            375.5,
            177,
            0
          ],
          "ix": 2,
          "l": 2
        },
        "a": {
          "a": 0,
          "k": [
            93.5,
            164.5,
            0
          ],
          "ix": 1,
          "l": 2
        },
        "s": {
          "a": 0,
          "k": [
            100,
            100,
            100
          ],
          "ix": 6,
          "l": 2
        }
      },
      "ao": 0,
      "ip": 0,
      "op": 2709,
      "st": 0,
      "bm": 0
    },
    {
      "ddd": 0,
      "ind": 2,
      "ty": 2,
      "nm": "Group 5.webp",
      "cl": "webp",
      "refId": "image_1",
      "sr": 1,
      "ks": {
        "o": {
          "a": 0,
          "k": 100,
          "ix": 11
        },
        "r": {
          "a": 1,
          "k": [
            {
              "i": {
                "x": [
                  0.833
                ],
                "y": [
                  0.833
                ]
              },
              "o": {
                "x": [
                  0.167
                ],
                "y": [
                  0.167
                ]
              },
              "t": 0,
              "s": [
                0
              ]
            },
            {
              "i": {
                "x": [
                  0.833
                ],
                "y": [
                  0.833
                ]
              },
              "o": {
                "x": [
                  0.167
                ],
                "y": [
                  0.167
                ]
              },
              "t": 18,
              "s": [
                0
              ]
            },
            {
              "t": 20,
              "s": [
                -11.323
              ]
            }
          ],
          "ix": 10
        },
        "p": {
          "a": 0,
          "k": [
            184.5,
            177,
            0
          ],
          "ix": 2,
          "l": 2
        },
        "a": {
          "a": 0,
          "k": [
            147,
            174.5,
            0
          ],
          "ix": 1,
          "l": 2
        },
        "s": {
          "a": 0,
          "k": [
            100,
            100,
            100
          ],
          "ix": 6,
          "l": 2
        }
      },
      "ao": 0,
      "ip": 0,
      "op": 2709,
      "st": 0,
      "bm": 0
    },
    {
      "ddd": 0,
      "ind": 3,
      "ty": 2,
      "nm": "only.webp",
      "cl": "webp",
      "refId": "image_2",
      "sr": 1,
      "ks": {
        "o": {
          "a": 0,
          "k": 100,
          "ix": 11
        },
        "r": {
          "a": 0,
          "k": 0,
          "ix": 10
        },
        "p": {
          "a": 1,
          "k": [
            {
              "i": {
                "x": 0.833,
                "y": 0.833
              },
              "o": {
                "x": 0.167,
                "y": 0.167
              },
              "t": 0,
              "s": [
                677.667,
                258.75,
                0
              ],
              "to": [
                0,
                -4.542,
                0
              ],
              "ti": [
                0,
                0.042,
                0
              ]
            },
            {
              "i": {
                "x": 0.833,
                "y": 0.833
              },
              "o": {
                "x": 0.167,
                "y": 0.167
              },
              "t": 20,
              "s": [
                677.667,
                231.5,
                0
              ],
              "to": [
                0,
                -0.042,
                0
              ],
              "ti": [
                0,
                -4.5,
                0
              ]
            },
            {
              "t": 40,
              "s": [
                677.667,
                258.5,
                0
              ]
            }
          ],
          "ix": 2,
          "l": 2
        },
        "a": {
          "a": 0,
          "k": [
            105.5,
            66.5,
            0
          ],
          "ix": 1,
          "l": 2
        },
        "s": {
          "a": 0,
          "k": [
            100,
            100,
            100
          ],
          "ix": 6,
          "l": 2
        }
      },
      "ao": 0,
      "ip": 0,
      "op": 2709,
      "st": 0,
      "bm": 0
    },
    {
      "ddd": 0,
      "ind": 4,
      "ty": 2,
      "nm": "Mobile Cover.webp",
      "cl": "webp",
      "refId": "image_3",
      "sr": 1,
      "ks": {
        "o": {
          "a": 0,
          "k": 100,
          "ix": 11
        },
        "r": {
          "a": 0,
          "k": 0,
          "ix": 10
        },
        "p": {
          "a": 0,
          "k": [
            677.667,
            139.5,
            0
          ],
          "ix": 2,
          "l": 2
        },
        "a": {
          "a": 0,
          "k": [
            133,
            12.5,
            0
          ],
          "ix": 1,
          "l": 2
        },
        "s": {
          "a": 0,
          "k": [
            100,
            100,
            100
          ],
          "ix": 6,
          "l": 2
        }
      },
      "ao": 0,
      "ip": 0,
      "op": 2709,
      "st": 0,
      "bm": 0
    },
    {
      "ddd": 0,
      "ind": 5,
      "ty": 2,
      "nm": "2.webp",
      "cl": "webp",
      "refId": "image_4",
      "sr": 1,
      "ks": {
        "o": {
          "a": 0,
          "k": 100,
          "ix": 11
        },
        "r": {
          "a": 0,
          "k": 0,
          "ix": 10
        },
        "p": {
          "a": 0,
          "k": [
            677.667,
            84,
            0
          ],
          "ix": 2,
          "l": 2
        },
        "a": {
          "a": 0,
          "k": [
            125.5,
            33,
            0
          ],
          "ix": 1,
          "l": 2
        },
        "s": {
          "a": 0,
          "k": [
            100,
            100,
            100
          ],
          "ix": 6,
          "l": 2
        }
      },
      "ao": 0,
      "ip": 0,
      "op": 2709,
      "st": 0,
      "bm": 0
    },
    {
      "ddd": 0,
      "ind": 6,
      "ty": 2,
      "nm": "1.webp",
      "cl": "webp",
      "refId": "image_5",
      "sr": 1,
      "ks": {
        "o": {
          "a": 0,
          "k": 100,
          "ix": 11
        },
        "r": {
          "a": 0,
          "k": 0,
          "ix": 10
        },
        "p": {
          "a": 0,
          "k": [
            457.5,
            177,
            0
          ],
          "ix": 2,
          "l": 2
        },
        "a": {
          "a": 0,
          "k": [
            457.5,
            177,
            0
          ],
          "ix": 1,
          "l": 2
        },
        "s": {
          "a": 0,
          "k": [
            100,
            100,
            100
          ],
          "ix": 6,
          "l": 2
        }
      },
      "ao": 0,
      "ip": 0,
      "op": 2709,
      "st": 0,
      "bm": 0
    }
  ],
  "markers": []
}