{"v":"5.5.1","fr":29.9700012207031,"ip":0,"op":36.0000014663101,"w":1500,"h":1500,"nm":"Forward","ddd":0,"assets":[{"id":"comp_0","layers":[{"ddd":0,"ind":1,"ty":4,"nm":"Forward Outlines 7","sr":1,"ks":{"o":{"a":0,"k":100,"ix":11},"r":{"a":0,"k":0,"ix":10},"p":{"a":1,"k":[{"i":{"x":0,"y":1},"o":{"x":0.119,"y":0},"t":13,"s":[-397.896,750.353,0],"to":[170,0,0],"ti":[-170,0,0]},{"t":30.0000012219251,"s":[622.104,750.353,0]}],"ix":2},"a":{"a":0,"k":[547.615,675.864,0],"ix":1},"s":{"a":1,"k":[{"i":{"x":[0.183,0.183,0.2],"y":[1,1,1]},"o":{"x":[0.149,0.149,0.333],"y":[0,0,0]},"t":13,"s":[117.5,117.5,100]},{"t":30.0000012219251,"s":[100,100,100]}],"ix":6}},"ao":0,"shapes":[{"ty":"gr","it":[{"ind":0,"ty":"sh","ix":1,"ks":{"a":0,"k":{"i":[[41.562,20.781],[0,0],[0,-55.32],[0,0],[-37.493,18.747],[0,0]],"o":[[0,0],[-37.493,-18.746],[0,0],[0,41.919],[0,0],[41.562,-20.781]],"v":[[198.142,-50.437],[-158.097,-228.557],[-239.704,-178.12],[-239.704,178.119],[-158.097,228.555],[198.142,50.437]],"c":true},"ix":2},"nm":"Path 1","mn":"ADBE Vector Shape - Group","hd":false},{"ty":"fl","c":{"a":0,"k":[0,0,0,1],"ix":4},"o":{"a":0,"k":100,"ix":5},"r":1,"bm":0,"nm":"Fill 1","mn":"ADBE Vector Graphic - Fill","hd":false},{"ty":"st","c":{"a":0,"k":[0.026188491373,0.021800510556,0.023205497218,1],"ix":3},"o":{"a":0,"k":100,"ix":4},"w":{"a":0,"k":40.154,"ix":5},"lc":1,"lj":1,"ml":10,"bm":0,"nm":"Stroke 4","mn":"ADBE Vector Graphic - Stroke","hd":false},{"ty":"tr","p":{"a":0,"k":[552.81,676.793],"ix":2},"a":{"a":0,"k":[0,0],"ix":1},"s":{"a":0,"k":[100,100],"ix":3},"r":{"a":0,"k":0,"ix":6},"o":{"a":0,"k":100,"ix":7},"sk":{"a":0,"k":0,"ix":4},"sa":{"a":0,"k":0,"ix":5},"nm":"Transform"}],"nm":"Group 1","np":3,"cix":2,"bm":0,"ix":1,"mn":"ADBE Vector Group","hd":false}],"ip":10.0000004073083,"op":44.0000017921567,"st":0,"bm":0},{"ddd":0,"ind":2,"ty":4,"nm":"Forward Outlines 6","parent":1,"td":1,"sr":1,"ks":{"o":{"a":0,"k":100,"ix":11},"r":{"a":0,"k":0,"ix":10},"p":{"a":1,"k":[{"i":{"x":0.052,"y":1},"o":{"x":0.176,"y":0},"t":17,"s":[614.415,675.864,0],"to":[-11.133,0,0],"ti":[11.133,0,0]},{"t":32.0000013033867,"s":[547.615,675.864,0]}],"ix":2},"a":{"a":0,"k":[547.615,675.864,0],"ix":1},"s":{"a":0,"k":[100,100,100],"ix":6}},"ao":0,"shapes":[{"ty":"gr","it":[{"ind":0,"ty":"sh","ix":1,"ks":{"a":0,"k":{"i":[[41.562,20.781],[0,0],[0,-55.32],[0,0],[-37.493,18.747],[0,0]],"o":[[0,0],[-37.493,-18.746],[0,0],[0,41.919],[0,0],[41.562,-20.781]],"v":[[198.142,-50.437],[-158.097,-228.557],[-239.704,-178.12],[-239.704,178.119],[-158.097,228.555],[198.142,50.437]],"c":true},"ix":2},"nm":"Path 1","mn":"ADBE Vector Shape - Group","hd":false},{"ty":"fl","c":{"a":0,"k":[0,0,0,1],"ix":4},"o":{"a":0,"k":100,"ix":5},"r":1,"bm":0,"nm":"Fill 1","mn":"ADBE Vector Graphic - Fill","hd":false},{"ty":"st","c":{"a":0,"k":[0.026188491373,0.021800510556,0.023205497218,1],"ix":3},"o":{"a":0,"k":100,"ix":4},"w":{"a":0,"k":100,"ix":5},"lc":1,"lj":1,"ml":10,"bm":0,"nm":"Stroke 4","mn":"ADBE Vector Graphic - Stroke","hd":false},{"ty":"tr","p":{"a":0,"k":[552.81,676.793],"ix":2},"a":{"a":0,"k":[0,0],"ix":1},"s":{"a":0,"k":[100,100],"ix":3},"r":{"a":0,"k":0,"ix":6},"o":{"a":0,"k":100,"ix":7},"sk":{"a":0,"k":0,"ix":4},"sa":{"a":0,"k":0,"ix":5},"nm":"Transform"}],"nm":"Group 1","np":3,"cix":2,"bm":0,"ix":1,"mn":"ADBE Vector Group","hd":false}],"ip":10.0000004073083,"op":44.0000017921567,"st":0,"bm":0},{"ddd":0,"ind":3,"ty":4,"nm":"Forward Outlines 5","tt":2,"sr":1,"ks":{"o":{"a":0,"k":100,"ix":11},"r":{"a":0,"k":0,"ix":10},"p":{"a":1,"k":[{"i":{"x":0.005,"y":1},"o":{"x":0.176,"y":0},"t":9,"s":[-79.896,750.353,0],"to":[170,0,0],"ti":[-170,0,0]},{"t":26.0000010590017,"s":[940.104,750.353,0]}],"ix":2},"a":{"a":0,"k":[547.615,675.864,0],"ix":1},"s":{"a":1,"k":[{"i":{"x":[0.12,0.12,0.2],"y":[1,1,1]},"o":{"x":[0.242,0.242,0.333],"y":[0,0,0]},"t":9,"s":[114.1,114.1,100]},{"t":26.0000010590017,"s":[100,100,100]}],"ix":6}},"ao":0,"shapes":[{"ty":"gr","it":[{"ind":0,"ty":"sh","ix":1,"ks":{"a":0,"k":{"i":[[41.562,20.781],[0,0],[0,-55.32],[0,0],[-37.493,18.747],[0,0]],"o":[[0,0],[-37.493,-18.746],[0,0],[0,41.919],[0,0],[41.562,-20.781]],"v":[[198.142,-50.437],[-158.097,-228.557],[-239.704,-178.12],[-239.704,178.119],[-158.097,228.555],[198.142,50.437]],"c":true},"ix":2},"nm":"Path 1","mn":"ADBE Vector Shape - Group","hd":false},{"ty":"fl","c":{"a":0,"k":[0,0,0,1],"ix":4},"o":{"a":0,"k":100,"ix":5},"r":1,"bm":0,"nm":"Fill 1","mn":"ADBE Vector Graphic - Fill","hd":false},{"ty":"st","c":{"a":0,"k":[0.026188491373,0.021800510556,0.023205497218,1],"ix":3},"o":{"a":0,"k":100,"ix":4},"w":{"a":0,"k":40.154,"ix":5},"lc":1,"lj":1,"ml":10,"bm":0,"nm":"Stroke 4","mn":"ADBE Vector Graphic - Stroke","hd":false},{"ty":"tr","p":{"a":0,"k":[552.81,676.793],"ix":2},"a":{"a":0,"k":[0,0],"ix":1},"s":{"a":0,"k":[100,100],"ix":3},"r":{"a":0,"k":0,"ix":6},"o":{"a":0,"k":100,"ix":7},"sk":{"a":0,"k":0,"ix":4},"sa":{"a":0,"k":0,"ix":5},"nm":"Transform"}],"nm":"Group 1","np":3,"cix":2,"bm":0,"ix":1,"mn":"ADBE Vector Group","hd":false}],"ip":9.00000036657752,"op":44.0000017921567,"st":0,"bm":0},{"ddd":0,"ind":4,"ty":4,"nm":"Forward Outlines 4","sr":1,"ks":{"o":{"a":0,"k":100,"ix":11},"r":{"a":0,"k":0,"ix":10},"p":{"a":1,"k":[{"i":{"x":0.667,"y":1},"o":{"x":0.333,"y":0},"t":6,"s":[622.104,750.353,0],"to":[155.667,0,0],"ti":[-155.667,0,0]},{"t":17.0000006924242,"s":[1556.104,750.353,0]}],"ix":2},"a":{"a":0,"k":[547.615,675.864,0],"ix":1},"s":{"a":1,"k":[{"i":{"x":[0.667,0.667,0.667],"y":[1,1,1]},"o":{"x":[0.333,0.333,0.333],"y":[0,0,0]},"t":6,"s":[100,100,100]},{"t":14.0000005702317,"s":[50,50,100]}],"ix":6}},"ao":0,"shapes":[{"ty":"gr","it":[{"ind":0,"ty":"sh","ix":1,"ks":{"a":0,"k":{"i":[[41.562,20.781],[0,0],[0,-55.32],[0,0],[-37.493,18.747],[0,0]],"o":[[0,0],[-37.493,-18.746],[0,0],[0,41.919],[0,0],[41.562,-20.781]],"v":[[198.142,-50.437],[-158.097,-228.557],[-239.704,-178.12],[-239.704,178.119],[-158.097,228.555],[198.142,50.437]],"c":true},"ix":2},"nm":"Path 1","mn":"ADBE Vector Shape - Group","hd":false},{"ty":"fl","c":{"a":0,"k":[0,0,0,1],"ix":4},"o":{"a":0,"k":100,"ix":5},"r":1,"bm":0,"nm":"Fill 1","mn":"ADBE Vector Graphic - Fill","hd":false},{"ty":"st","c":{"a":0,"k":[0.026188491373,0.021800510556,0.023205497218,1],"ix":3},"o":{"a":0,"k":100,"ix":4},"w":{"a":0,"k":40.154,"ix":5},"lc":1,"lj":1,"ml":10,"bm":0,"nm":"Stroke 4","mn":"ADBE Vector Graphic - Stroke","hd":false},{"ty":"tr","p":{"a":0,"k":[552.81,676.793],"ix":2},"a":{"a":0,"k":[0,0],"ix":1},"s":{"a":0,"k":[100,100],"ix":3},"r":{"a":0,"k":0,"ix":6},"o":{"a":0,"k":100,"ix":7},"sk":{"a":0,"k":0,"ix":4},"sa":{"a":0,"k":0,"ix":5},"nm":"Transform"}],"nm":"Group 1","np":3,"cix":2,"bm":0,"ix":1,"mn":"ADBE Vector Group","hd":false}],"ip":0,"op":28.0000011404634,"st":0,"bm":0},{"ddd":0,"ind":5,"ty":4,"nm":"Forward Outlines 2","parent":4,"td":1,"sr":1,"ks":{"o":{"a":0,"k":100,"ix":11},"r":{"a":0,"k":0,"ix":10},"p":{"a":0,"k":[547.615,675.864,0],"ix":2},"a":{"a":0,"k":[547.615,675.864,0],"ix":1},"s":{"a":0,"k":[100,100,100],"ix":6}},"ao":0,"shapes":[{"ty":"gr","it":[{"ind":0,"ty":"sh","ix":1,"ks":{"a":0,"k":{"i":[[41.562,20.781],[0,0],[0,-55.32],[0,0],[-37.493,18.747],[0,0]],"o":[[0,0],[-37.493,-18.746],[0,0],[0,41.919],[0,0],[41.562,-20.781]],"v":[[198.142,-50.437],[-158.097,-228.557],[-239.704,-178.12],[-239.704,178.119],[-158.097,228.555],[198.142,50.437]],"c":true},"ix":2},"nm":"Path 1","mn":"ADBE Vector Shape - Group","hd":false},{"ty":"fl","c":{"a":0,"k":[0,0,0,1],"ix":4},"o":{"a":0,"k":100,"ix":5},"r":1,"bm":0,"nm":"Fill 1","mn":"ADBE Vector Graphic - Fill","hd":false},{"ty":"st","c":{"a":0,"k":[0.026188491373,0.021800510556,0.023205497218,1],"ix":3},"o":{"a":0,"k":100,"ix":4},"w":{"a":0,"k":100,"ix":5},"lc":1,"lj":1,"ml":10,"bm":0,"nm":"Stroke 4","mn":"ADBE Vector Graphic - Stroke","hd":false},{"ty":"tr","p":{"a":0,"k":[552.81,676.793],"ix":2},"a":{"a":0,"k":[0,0],"ix":1},"s":{"a":0,"k":[100,100],"ix":3},"r":{"a":0,"k":0,"ix":6},"o":{"a":0,"k":100,"ix":7},"sk":{"a":0,"k":0,"ix":4},"sa":{"a":0,"k":0,"ix":5},"nm":"Transform"}],"nm":"Group 1","np":3,"cix":2,"bm":0,"ix":1,"mn":"ADBE Vector Group","hd":false}],"ip":0,"op":28.0000011404634,"st":0,"bm":0},{"ddd":0,"ind":6,"ty":4,"nm":"Forward Outlines 3","tt":2,"sr":1,"ks":{"o":{"a":0,"k":100,"ix":11},"r":{"a":0,"k":0,"ix":10},"p":{"a":1,"k":[{"i":{"x":0.667,"y":1},"o":{"x":0.333,"y":0},"t":5,"s":[940.104,750.353,0],"to":[155.667,0,0],"ti":[-155.667,0,0]},{"t":15.0000006109625,"s":[1874.104,750.353,0]}],"ix":2},"a":{"a":0,"k":[547.615,675.864,0],"ix":1},"s":{"a":1,"k":[{"i":{"x":[0.667,0.667,0.667],"y":[1,1,1]},"o":{"x":[0.333,0.333,0.333],"y":[0,0,0]},"t":5,"s":[100,100,100]},{"t":11.0000004480392,"s":[50,50,100]}],"ix":6}},"ao":0,"shapes":[{"ty":"gr","it":[{"ind":0,"ty":"sh","ix":1,"ks":{"a":0,"k":{"i":[[41.562,20.781],[0,0],[0,-55.32],[0,0],[-37.493,18.747],[0,0]],"o":[[0,0],[-37.493,-18.746],[0,0],[0,41.919],[0,0],[41.562,-20.781]],"v":[[198.142,-50.437],[-158.097,-228.557],[-239.704,-178.12],[-239.704,178.119],[-158.097,228.555],[198.142,50.437]],"c":true},"ix":2},"nm":"Path 1","mn":"ADBE Vector Shape - Group","hd":false},{"ty":"fl","c":{"a":0,"k":[0,0,0,1],"ix":4},"o":{"a":0,"k":100,"ix":5},"r":1,"bm":0,"nm":"Fill 1","mn":"ADBE Vector Graphic - Fill","hd":false},{"ty":"st","c":{"a":0,"k":[0.026188491373,0.021800510556,0.023205497218,1],"ix":3},"o":{"a":0,"k":100,"ix":4},"w":{"a":0,"k":40.154,"ix":5},"lc":1,"lj":1,"ml":10,"bm":0,"nm":"Stroke 4","mn":"ADBE Vector Graphic - Stroke","hd":false},{"ty":"tr","p":{"a":0,"k":[552.81,676.793],"ix":2},"a":{"a":0,"k":[0,0],"ix":1},"s":{"a":0,"k":[100,100],"ix":3},"r":{"a":0,"k":0,"ix":6},"o":{"a":0,"k":100,"ix":7},"sk":{"a":0,"k":0,"ix":4},"sa":{"a":0,"k":0,"ix":5},"nm":"Transform"}],"nm":"Group 1","np":3,"cix":2,"bm":0,"ix":1,"mn":"ADBE Vector Group","hd":false}],"ip":0,"op":28.0000011404634,"st":0,"bm":0}]}],"layers":[{"ddd":0,"ind":1,"ty":4,"nm":"Frame","sr":1,"ks":{"o":{"a":0,"k":100,"ix":11},"r":{"a":0,"k":0,"ix":10},"p":{"a":0,"k":[750,750,0],"ix":2},"a":{"a":0,"k":[675.511,675.511,0],"ix":1},"s":{"a":1,"k":[{"i":{"x":[0.2,0.2,0.2],"y":[1,1,1]},"o":{"x":[0.333,0.333,0.333],"y":[0,0,0]},"t":5,"s":[100,100,100]},{"i":{"x":[0.2,0.2,0.2],"y":[1,1,1]},"o":{"x":[0.177,0.177,0.177],"y":[0,0,0]},"t":10,"s":[92.6,92.6,100]},{"t":25.0000010182709,"s":[100,100,100]}],"ix":6}},"ao":0,"shapes":[{"ty":"gr","it":[{"ind":0,"ty":"sh","ix":1,"ks":{"a":0,"k":{"i":[[312.073,0],[0,0],[0,312.073],[0,0],[-312.073,0],[0,0],[0,-312.073],[0,0]],"o":[[0,0],[-312.073,0],[0,0],[0,-312.073],[0,0],[312.073,0],[0,0],[0,312.073]],"v":[[0,565.058],[0,565.058],[-565.058,0],[-565.058,-0.001],[0,-565.058],[0,-565.058],[565.058,-0.001],[565.058,0]],"c":true},"ix":2},"nm":"Path 1","mn":"ADBE Vector Shape - Group","hd":false},{"ty":"st","c":{"a":0,"k":[0.026188491373,0.021800510556,0.023205497218,1],"ix":3},"o":{"a":0,"k":100,"ix":4},"w":{"a":1,"k":[{"i":{"x":[0.37],"y":[1]},"o":{"x":[0.243],"y":[0]},"t":5,"s":[44.181]},{"i":{"x":[0.069],"y":[1]},"o":{"x":[0.309],"y":[0]},"t":12,"s":[70]},{"t":25.0000010182709,"s":[44.181]}],"ix":5},"lc":1,"lj":1,"ml":10,"bm":0,"nm":"Stroke 1","mn":"ADBE Vector Graphic - Stroke","hd":false},{"ty":"tr","p":{"a":0,"k":[675.511,675.511],"ix":2},"a":{"a":0,"k":[0,0],"ix":1},"s":{"a":0,"k":[100,100],"ix":3},"r":{"a":0,"k":0,"ix":6},"o":{"a":0,"k":100,"ix":7},"sk":{"a":0,"k":0,"ix":4},"sa":{"a":0,"k":0,"ix":5},"nm":"Transform"}],"nm":"Group 2","np":2,"cix":2,"bm":0,"ix":1,"mn":"ADBE Vector Group","hd":false}],"ip":0,"op":506.000020609802,"st":6.00000024438501,"bm":0},{"ddd":0,"ind":2,"ty":4,"nm":"Frame 2","parent":1,"td":1,"sr":1,"ks":{"o":{"a":0,"k":100,"ix":11},"r":{"a":0,"k":0,"ix":10},"p":{"a":0,"k":[675.511,675.511,0],"ix":2},"a":{"a":0,"k":[675.511,675.511,0],"ix":1},"s":{"a":0,"k":[100,100,100],"ix":6}},"ao":0,"shapes":[{"ty":"gr","it":[{"ind":0,"ty":"sh","ix":1,"ks":{"a":0,"k":{"i":[[312.073,0],[0,0],[0,312.073],[0,0],[-312.073,0],[0,0],[0,-312.073],[0,0]],"o":[[0,0],[-312.073,0],[0,0],[0,-312.073],[0,0],[312.073,0],[0,0],[0,312.073]],"v":[[0,565.058],[0,565.058],[-565.058,0],[-565.058,-0.001],[0,-565.058],[0,-565.058],[565.058,-0.001],[565.058,0]],"c":true},"ix":2},"nm":"Path 1","mn":"ADBE Vector Shape - Group","hd":false},{"ty":"tr","p":{"a":0,"k":[675.511,675.511],"ix":2},"a":{"a":0,"k":[0,0],"ix":1},"s":{"a":0,"k":[100,100],"ix":3},"r":{"a":0,"k":0,"ix":6},"o":{"a":0,"k":100,"ix":7},"sk":{"a":0,"k":0,"ix":4},"sa":{"a":0,"k":0,"ix":5},"nm":"Transform"}],"nm":"Group 2","np":2,"cix":2,"bm":0,"ix":1,"mn":"ADBE Vector Group","hd":false},{"ty":"fl","c":{"a":0,"k":[0,0,0,1],"ix":4},"o":{"a":0,"k":100,"ix":5},"r":1,"bm":0,"nm":"Fill 1","mn":"ADBE Vector Graphic - Fill","hd":false}],"ip":0,"op":506.000020609802,"st":6.00000024438501,"bm":0},{"ddd":0,"ind":3,"ty":0,"nm":"FF","tt":1,"refId":"comp_0","sr":1,"ks":{"o":{"a":0,"k":100,"ix":11},"r":{"a":0,"k":0,"ix":10},"p":{"a":0,"k":[750,750,0],"ix":2},"a":{"a":0,"k":[750,750,0],"ix":1},"s":{"a":0,"k":[100,100,100],"ix":6}},"ao":0,"w":1500,"h":1500,"ip":0,"op":500.000020365417,"st":0,"bm":0}],"markers":[{"tm":5.00000020365417,"cm":"","dr":0},{"tm":25.0000010182709,"cm":"","dr":0}]}